{
  "id": "",
  "name": "",
  "font_family": "iconfont",
  "css_prefix_text": "icon-",
  "description": "",
  "glyphs": [
    {
      "icon_id": "814082",
      "name": "账户安全",
      "font_class": "zhanghuanquan",
      "unicode": "e69d",
      "unicode_decimal": 59037
    },
    {
      "icon_id": "838831",
      "name": "首页",
      "font_class": "shouye",
      "unicode": "e629",
      "unicode_decimal": 58921
    },
    {
      "icon_id": "1496195",
      "name": "我的红包",
      "font_class": "Shape",
      "unicode": "e623",
      "unicode_decimal": 58915
    },
    {
      "icon_id": "3557882",
      "name": "类目 品类 分类 类别-2-02",
      "font_class": "leimupinleifenleileibie--",
      "unicode": "e60b",
      "unicode_decimal": 58891
    },
    {
      "icon_id": "3982145",
      "name": "邀请返利",
      "font_class": "yaoqingfanli",
      "unicode": "e77c",
      "unicode_decimal": 59260
    },
    {
      "icon_id": "5771854",
      "name": "意见反馈",
      "font_class": "yijianfankui",
      "unicode": "e70c",
      "unicode_decimal": 59148
    },
    {
      "icon_id": "5850156",
      "name": "会员",
      "font_class": "huiyuan",
      "unicode": "e609",
      "unicode_decimal": 58889
    },
    {
      "icon_id": "5859651",
      "name": "专题 blue copy",
      "font_class": "zhuantibluecopy",
      "unicode": "e651",
      "unicode_decimal": 58961
    },
    {
      "icon_id": "6149436",
      "name": "日 历",
      "font_class": "rili",
      "unicode": "e64e",
      "unicode_decimal": 58958
    },
    {
      "icon_id": "7079034",
      "name": "专题",
      "font_class": "zhuanti",
      "unicode": "e515",
      "unicode_decimal": 58645
    },
    {
      "icon_id": "8658611",
      "name": "我的收藏",
      "font_class": "wodeshoucang",
      "unicode": "e6e7",
      "unicode_decimal": 59111
    },
    {
      "icon_id": "8776823",
      "name": "cart",
      "font_class": "icon-test",
      "unicode": "e63b",
      "unicode_decimal": 58939
    },
    {
      "icon_id": "10076814",
      "name": "优选购",
      "font_class": "youxuangou",
      "unicode": "e601",
      "unicode_decimal": 58881
    },
    {
      "icon_id": "10418463",
      "name": "地址管理",
      "font_class": "dizhiguanli",
      "unicode": "e608",
      "unicode_decimal": 58888
    },
    {
      "icon_id": "10828984",
      "name": "客服咨询",
      "font_class": "kefuzixun",
      "unicode": "e610",
      "unicode_decimal": 58896
    },
    {
      "icon_id": "10894973",
      "name": "我的订单",
      "font_class": "wode_icon_wodedingdan",
      "unicode": "e615",
      "unicode_decimal": 58901
    },
    {
      "icon_id": "10916178",
      "name": "返 回",
      "font_class": "fanhui",
      "unicode": "e612",
      "unicode_decimal": 58898
    },
    {
      "icon_id": "12760678",
      "name": "专题",
      "font_class": "zhuanti1",
      "unicode": "e605",
      "unicode_decimal": 58885
    },
    {
      "icon_id": "13043826",
      "name": "我 的",
      "font_class": "wode",
      "unicode": "e505",
      "unicode_decimal": 58629
    },
    {
      "icon_id": "13617376",
      "name": "优惠券 (2)",
      "font_class": "youhuiquan",
      "unicode": "e653",
      "unicode_decimal": 58963
    }
  ]
}
